last_name, first_name,year,player_age,b_ab,b_total_pa,b_total_hits,b_single,b_double,b_triple,b_home_run,b_strikeout,b_walk,b_k_percent,b_bb_percent,batting_avg,b_rbi,exit_velocity_avg,launch_angle_avg,
Pujols, Albert,2019,39,491,545,120,75,22,0,23,68,43,12.5,7.9,.244,93,88.3,12.6,
Cabrera, Miguel,2019,36,493,549,139,106,21,0,12,108,48,19.7,8.7,.282,59,90.3,12.3,
Mathis, Jeff,2019,36,228,244,36,25,9,0,2,87,15,35.7,6.1,.158,12,86.1,16.8,
Choo, Shin-Soo,2019,37,563,660,149,92,31,2,24,165,78,25.0,11.8,.265,61,91.9,9.2,
Wainwright, Adam,2019,38,50,59,8,5,3,0,0,20,2,33.9,3.4,.160,2,87.9,14.6,
Greinke, Zack,2019,36,50,56,14,6,4,1,3,12,2,21.4,3.6,.280,8,88.9,5.9,
Molina, Yadier,2019,37,419,452,113,79,24,0,10,58,23,12.8,5.1,.270,57,87.4,13.9,
Cano, Robinson,2019,37,390,423,100,59,28,0,13,69,25,16.3,5.9,.256,39,90.9,7.4,
Encarnacion, Edwin,2019,36,418,486,102,50,18,0,34,103,58,21.2,11.9,.244,86,90.2,22.3,
Jones, Adam,2019,34,485,528,126,84,25,1,16,101,31,19.1,5.9,.260,67,86.1,13.4,
Martin, Russell,2019,36,209,249,46,35,5,0,6,60,30,24.1,12.0,.220,20,88.2,10.6,
Granderson, Curtis,2019,38,317,363,58,28,17,1,12,98,41,27.0,11.3,.183,34,88.8,19.3,
Ramirez, Hanley,2019,36,49,57,9,6,1,0,2,17,8,29.8,14.0,.184,8,88.9,6.3,
Sanchez, Anibal,2019,35,52,56,6,6,0,0,0,24,0,42.9,0.0,.115,1,78.6,-1.5,
Morales, Kendrys,2019,36,170,201,33,28,2,1,2,26,26,12.9,12.9,.194,12,91.3,9.5,
Kendrick, Howie,2019,36,334,370,115,74,23,1,17,49,27,13.2,7.3,.344,62,91.7,10.8,
Kinsler, Ian,2019,37,258,281,56,35,12,0,9,54,19,19.2,6.8,.217,22,84.3,17.3,
McCann, Brian,2019,35,277,316,69,48,9,0,12,53,31,16.8,9.8,.249,45,88.8,11.4,
Walker, Neil,2019,34,337,381,88,60,19,1,8,77,42,20.2,11.0,.261,38,86.2,11.5,
Suzuki, Kurt,2019,36,280,309,74,46,11,0,17,36,20,11.7,6.5,.264,63,86,18.9,
Desmond, Ian,2019,34,443,482,113,58,31,4,20,119,34,24.7,7.1,.255,65,90.9,8.7,
Cruz, Nelson,2019,39,454,521,141,74,26,0,41,131,56,25.1,10.7,.311,108,93.7,13.1,
Peralta, David,2019,32,382,423,105,61,29,3,12,87,35,20.6,8.3,.275,57,90.1,6.4,
Pina, Manny,2019,32,158,179,36,21,8,0,7,50,16,27.9,8.9,.228,25,88.6,16.2,
Jay, Jon,2019,34,165,182,44,36,8,0,0,30,8,16.5,4.4,.267,9,83.1,5.8,
Prado, Martin,2019,36,245,260,57,46,9,0,2,41,12,15.8,4.6,.233,15,87,8.3,
Duda, Lucas,2019,33,105,119,18,10,4,0,4,32,11,26.9,9.2,.171,15,91.5,22.5,
Wieters, Matt,2019,33,168,183,36,21,4,0,11,47,12,25.7,6.6,.214,27,88.8,13.8,
Longoria, Evan,2019,34,453,508,115,74,19,2,20,112,43,22.0,8.5,.254,69,89.7,14,
Cozart, Zack,2019,34,97,107,12,10,2,0,0,16,5,15.0,4.7,.124,7,85.9,21.6,
Rodriguez, Sean,2019,34,112,139,25,16,5,0,4,41,19,29.5,13.7,.223,12,88.3,13.5,
Reynolds, Mark,2019,36,135,162,23,12,7,0,4,57,22,35.2,13.6,.170,20,88.9,17.5,
Davis, Chris,2019,33,307,352,55,34,9,0,12,139,39,39.5,11.1,.179,36,89.1,14.1,
Zobrist, Ben,2019,38,150,176,39,33,5,0,1,24,23,13.6,13.1,.260,17,85.8,5.3,
Fowler, Dexter,2019,33,487,574,116,72,24,1,19,142,74,24.7,12.9,.238,67,85.5,12.9,
Flowers, Tyler,2019,33,271,310,62,37,11,3,11,105,31,33.9,10.0,.229,34,90.1,11.1,
Pence, Hunter,2019,36,286,316,85,49,17,1,18,69,26,21.8,8.2,.297,59,91.4,10.1,
Lester, Jon,2019,35,48,53,9,6,2,0,1,20,5,37.7,9.4,.188,6,86.3,4.9,
Cabrera, Asdrubal,2019,34,447,514,116,72,25,1,18,103,57,20.0,11.1,.260,91,89.1,14.4,
Scherzer, Max,2019,35,55,61,10,10,0,0,0,27,0,44.3,0.0,.182,2,87.2,-7.5,
Arrieta, Jake,2019,33,45,50,7,6,1,0,0,19,1,38.0,2.0,.156,4,87,20.7,
Blackmon, Charlie,2019,33,580,634,182,101,42,7,32,104,40,16.4,6.3,.314,86,88.7,14.5,
Frazier, Todd,2019,33,447,499,112,70,19,2,21,106,40,21.2,8.0,.251,67,88.2,17.3,
Iannetta, Chris,2019,36,144,164,32,16,10,0,6,54,18,32.9,11.0,.222,21,92.1,8.7,
Maldonado, Martin,2019,33,333,374,71,40,19,0,12,86,32,23.0,8.6,.213,27,88.1,12.6,
Chirinos, Robinson,2019,35,366,437,87,47,22,1,17,125,51,28.6,11.7,.238,58,87,16.9,
Markakis, Nick,2019,36,414,469,118,82,25,2,9,59,47,12.6,10.0,.285,62,91.2,7.3,
Castillo, Welington,2019,32,230,251,48,24,12,0,12,74,16,29.5,6.4,.209,41,89.5,13.2,
Kratz, Erik,2019,39,49,53,5,2,2,0,1,14,2,26.4,3.8,.102,3,85.7,21.2,
Nunez, Eduardo,2019,32,167,174,38,29,7,0,2,27,4,15.5,2.3,.228,20,88.1,5.9,
Pearce, Steve,2019,36,89,99,16,11,4,0,1,31,7,31.3,7.1,.180,9,88.5,12.8,
Cain, Lorenzo,2019,33,562,623,146,105,30,0,11,106,50,17.0,8.0,.260,48,89.4,6.6,
Solano, Donovan,2019,32,215,228,71,53,13,1,4,49,10,21.5,4.4,.330,23,87,14.5,
McCutchen, Andrew,2019,33,219,262,56,33,12,1,10,55,43,21.0,16.4,.256,29,90.6,12.7,
Upton, Justin,2019,32,219,256,47,27,8,0,12,78,32,30.5,12.5,.215,40,87.2,18.5,
Maybin, Cameron,2019,32,239,269,68,40,17,0,11,72,30,26.8,11.2,.285,32,89.4,11.8,
Turner, Justin,2019,35,479,549,139,88,24,0,27,88,51,16.0,9.3,.290,67,90.3,17.8,
Posey, Buster,2019,32,405,445,104,73,24,0,7,71,34,16.0,7.6,.257,38,88.6,9.1,
Bruce, Jay,2019,32,310,333,67,24,17,0,26,82,19,24.6,5.7,.216,59,90.2,21.4,
Votto, Joey,2019,36,525,608,137,89,32,1,15,123,76,20.2,12.5,.261,47,88.8,15.3,
Gardner, Brett,2019,36,491,550,123,62,26,7,28,108,52,19.6,9.5,.251,74,87.7,13.9,
Joyce, Matt,2019,35,200,238,59,42,10,0,7,45,38,18.9,16.0,.295,23,87.7,16.8,
Hundley, Nick,2019,36,70,73,14,8,3,1,2,18,2,24.7,2.7,.200,5,84.6,16.1,
Braun, Ryan,2019,36,459,508,131,76,31,2,22,105,34,20.7,6.7,.285,75,91.4,7.1,
Gordon, Alex,2019,35,556,633,148,103,31,1,13,100,51,15.8,8.1,.266,76,88.7,9.3,
Gomez, Carlos,2019,34,86,99,17,11,3,0,3,30,7,30.3,7.1,.198,10,88,18.5,
Kemp, Matt,2019,35,60,62,12,9,2,0,1,19,1,30.6,1.6,.200,5,87.3,13.6,
Andrus, Elvis,2019,31,600,648,165,122,27,4,12,96,34,14.8,5.2,.275,72,88.4,7.3,
Cervelli, Francisco,2019,33,141,160,30,18,8,1,3,41,13,25.6,8.1,.213,12,86.9,12,
Cabrera, Melky,2019,35,378,397,106,76,22,1,7,41,17,10.3,4.3,.280,47,88.2,9.1,
Sandoval, Pablo,2019,33,272,296,73,36,23,0,14,67,18,22.6,6.1,.268,41,89.8,10.7,
Ramos, Wilson,2019,32,473,524,136,103,19,0,14,69,44,13.2,8.4,.288,73,90,-0.1,
Santana, Carlos,2019,33,573,686,161,96,30,1,34,108,108,15.7,15.7,.281,93,91.8,11.8,
Parra, Gerardo,2019,32,274,301,64,40,14,1,9,59,19,19.6,6.3,.234,48,86.2,10,
Gonzalez, Carlos,2019,34,145,166,29,23,3,0,3,52,18,31.3,10.8,.200,10,87.6,1.4,
Mercer, Jordy,2019,33,256,271,69,44,16,0,9,57,13,21.0,4.8,.270,22,86.9,13.2,
Belt, Brandon,2019,31,526,616,123,71,32,3,17,127,83,20.6,13.5,.234,57,87.3,22.4,
Alonso, Yonder,2019,32,292,335,58,35,13,0,10,70,39,20.9,11.6,.199,37,88.1,14.1,
Smoak, Justin,2019,33,414,500,86,48,16,0,22,106,79,21.2,15.8,.208,61,90.3,16.7,
Zimmerman, Ryan,2019,35,171,190,44,29,9,0,6,39,17,20.5,8.9,.257,27,91.4,9.7,
Kershaw, Clayton,2019,31,49,65,5,4,1,0,0,16,1,24.6,1.5,.102,1,83.7,4,
Avila, Alex,2019,32,164,201,34,17,8,0,9,68,36,33.8,17.9,.207,24,91.4,9.4,
Brantley, Michael,2019,32,575,637,179,115,40,2,22,66,51,10.4,8.0,.311,90,88.9,10.7,
Castro, Jason,2019,32,237,275,55,33,9,0,13,88,33,32.0,12.0,.232,30,91.8,14.4,
Hernandez, Gorkys,2019,32,49,57,7,4,1,2,0,14,5,24.6,8.8,.143,2,80.5,11.5,
Sucre, Jesus,2019,31,62,67,13,11,2,0,0,13,4,19.4,6.0,.210,3,88,7.5,
Gurriel, Yuli,2019,35,564,612,168,95,40,2,31,65,37,10.6,6.0,.298,104,89.3,14.3,
Beckham, Gordon,2019,33,223,240,48,27,13,2,6,68,13,28.3,5.4,.215,15,86.2,14.1,
Rodriguez, Ronny,2019,27,276,294,61,32,12,3,14,82,13,27.9,4.4,.221,43,88.9,16.3,
Solarte, Yangervis,2019,32,73,78,15,9,5,0,1,16,4,20.5,5.1,.205,7,82.9,6.9,
Rojas, Miguel,2019,30,483,526,137,102,29,1,5,62,32,11.8,6.1,.284,46,87.4,9.1,
Quintana, Jose,2019,30,54,63,5,4,1,0,0,27,0,42.9,0.0,.093,3,81.4,-8.6,
Escobar, Eduardo,2019,30,636,699,171,97,29,10,35,130,50,18.6,7.2,.269,118,87.7,18.4,
Martinez, Jose,2019,31,334,373,90,65,13,2,10,82,35,22.0,9.4,.269,42,88.9,6.9,
Adrianza, Ehire,2019,30,202,236,55,39,8,3,5,40,20,16.9,8.5,.272,22,86.6,14.9,
Lagares, Juan,2019,30,258,285,55,37,12,1,5,75,22,26.3,7.7,.213,27,88.2,10.7,
Freese, David,2019,36,162,186,51,27,13,0,11,44,23,23.7,12.4,.315,29,91.5,11,
Davis, Khris,2019,32,481,533,106,72,11,0,23,146,47,27.4,8.8,.220,73,90.2,13,
Pham, Tommy,2019,31,567,654,155,99,33,2,21,123,81,18.8,12.4,.273,68,90.9,5.2,
Martinez, J.D.,2019,32,575,657,175,104,33,2,36,138,72,21.0,11.0,.304,105,91.3,12.4,
Negron, Kristopher,2019,33,77,82,19,16,1,0,2,26,5,31.7,6.1,.247,8,84.8,9.9,
Samardzija, Jeff,2019,34,50,56,6,4,2,0,0,30,0,53.6,0.0,.120,1,88.1,-5,
Reddick, Josh,2019,32,501,550,138,102,19,3,14,66,36,12.0,6.5,.275,56,86.1,15.7,
Freeman, Mike,2019,32,177,213,49,37,8,0,4,61,22,28.6,10.3,.277,24,85.6,8.9,
Dyson, Jarrod,2019,35,400,452,92,72,11,2,7,86,47,19.0,10.4,.230,27,83.9,9.6,
Murphy, Daniel,2019,34,438,478,122,73,35,1,13,74,32,15.5,6.7,.279,78,86.3,14.6,
Goldschmidt, Paul,2019,32,597,682,155,95,25,1,34,166,78,24.3,11.4,.260,97,90.1,15.4,
Gonzalez, Marwin,2019,30,425,463,112,78,19,0,15,98,31,21.2,6.7,.264,55,90.7,11,
Darvish, Yu,2019,33,56,62,5,5,0,0,0,31,2,50.0,3.2,.089,3,89.4,-2.3,
Leon, Sandy,2019,30,172,191,33,25,3,0,5,47,13,24.6,6.8,.192,19,85.3,21.5,
Altuve, Jose,2019,29,500,548,149,88,27,3,31,82,41,15.0,7.5,.298,74,87.3,9.7,
Hernandez, Cesar,2019,29,612,667,171,123,31,3,14,100,45,15.0,6.7,.279,71,86,9.5,
Segura, Jean,2019,29,576,618,161,108,37,4,12,73,30,11.8,4.9,.280,60,88.2,7.2,
Castro, Starlin,2019,29,636,676,172,115,31,4,22,111,28,16.4,4.1,.270,86,88.6,10.9,
Marte, Starling,2019,31,539,586,159,99,31,6,23,94,25,16.0,4.3,.295,82,88.6,8.2,
Bumgarner, Madison,2019,30,63,76,8,6,0,0,2,40,9,52.6,11.8,.127,4,91,15.3,
Culberson, Charlie,2019,30,135,144,35,23,5,2,5,44,6,30.6,4.2,.259,20,88.3,13.2,
d'Arnaud, Travis,2019,30,351,391,88,56,16,0,16,85,32,21.7,8.2,.251,69,90,14.6,
Descalso, Daniel,2019,33,168,194,29,21,5,1,2,57,23,29.4,11.9,.173,15,88.8,11.4,
Dietrich, Derek,2019,30,251,306,47,18,8,2,19,74,28,24.2,9.2,.187,43,87.4,20.8,
Donaldson, Josh,2019,34,549,659,142,72,33,0,37,155,100,23.5,15.2,.259,94,92.9,13.3,
Freeman, Freddie,2019,30,597,692,176,102,34,2,38,127,87,18.4,12.6,.295,121,89.8,14.3,
Grandal, Yasmani,2019,31,513,632,126,70,26,2,28,139,109,22.0,17.2,.246,77,90.7,14.3,
Heyward, Jason,2019,30,513,589,129,84,20,4,21,110,68,18.7,11.5,.251,62,88.8,11.3,
Kelly, Merrill,2019,31,52,60,1,1,0,0,0,25,2,41.7,3.3,.019,2,84.5,-8.8,
LeMahieu, DJ,2019,31,602,655,197,136,33,2,26,90,46,13.7,7.0,.327,102,91.9,6.5,
Lucroy, Jonathan,2019,33,293,328,68,49,10,1,8,51,27,15.5,8.2,.232,36,86.9,12.5,
Moreland, Mitch,2019,34,298,335,75,38,17,1,19,74,34,22.1,10.1,.252,58,90.8,10.1,
Moustakas, Mike,2019,31,523,584,133,67,30,1,35,98,53,16.8,9.1,.254,87,89.5,17.4,
Rizzo, Anthony,2019,30,512,613,150,91,29,3,27,86,71,14.0,11.6,.293,94,89,12.6,
Romine, Austin,2019,31,228,240,64,44,12,0,8,50,10,20.8,4.2,.281,35,88.5,10.9,
Sogard, Eric,2019,33,396,442,115,77,23,2,13,63,38,14.3,8.6,.290,40,85.7,19.3,
Stanton, Giancarlo,2019,30,59,72,17,11,3,0,3,24,12,33.3,16.7,.288,13,92.7,7.9,
Thames, Eric,2019,33,396,459,98,48,23,2,25,140,51,30.5,11.1,.247,61,90.7,18.6,
Vogt, Stephen,2019,35,255,280,67,31,24,2,10,66,20,23.6,7.1,.263,40,89.8,22.4,
Galvis, Freddy,2019,30,557,589,145,93,28,1,23,145,28,24.6,4.8,.260,70,88.8,14.7,
Forsythe, Logan,2019,32,317,367,72,47,17,1,7,100,44,27.2,12.0,.227,39,89.3,12.3,
Flores, Wilmer,2019,28,265,285,84,57,18,0,9,31,15,10.9,5.3,.317,37,87.4,16.4,
Puello, Cesar,2019,28,125,147,31,22,5,0,4,38,10,25.9,6.8,.248,18,86.3,-3.5,
Teheran, Julio,2019,28,55,60,6,5,1,0,0,24,0,40.0,0.0,.109,4,84.2,10.8,
Tovar, Wilfredo,2019,28,83,88,16,11,5,0,0,15,5,17.0,5.7,.193,5,86.6,6.9,
Garcia, Avisail,2019,28,489,530,138,91,25,2,20,125,31,23.6,5.8,.282,72,89.5,9.8,
Perez, Hernan,2019,28,232,246,53,34,11,0,8,66,11,26.8,4.5,.228,18,88.5,9.1,
Inciarte, Ender,2019,29,199,230,49,31,11,2,5,41,26,17.8,11.3,.246,24,83,9.7,
Ozuna, Marcell,2019,29,485,549,117,64,23,1,29,114,62,20.8,11.3,.241,89,91.8,13.5,
Villar, Jonathan,2019,28,642,714,176,114,33,5,24,176,61,24.6,8.5,.274,73,88.9,8.2,
Ortega, Rafael,2019,28,88,96,18,13,3,0,2,22,8,22.9,8.3,.205,10,86.6,13.9,
Santana, Danny,2019,29,474,511,134,77,23,6,28,151,25,29.5,4.9,.283,81,91.4,13.5,
Aguilar, Jesus,2019,29,314,369,74,50,12,0,12,81,43,22.0,11.7,.236,50,89.4,13.8,
Beckham, Tim,2019,29,304,328,72,35,21,1,15,102,21,31.1,6.4,.237,47,87.2,10.8,
Berti, Jon,2019,29,256,287,70,49,14,1,6,73,24,25.4,8.4,.273,24,86.9,5.2,
Broxton, Keon,2019,29,204,228,34,24,4,0,6,104,20,45.6,8.8,.167,16,88.1,10.3,
Crawford, Brandon,2019,32,500,560,114,77,24,2,11,117,53,20.9,9.5,.228,59,87.8,8.3,
Cron, C.J.,2019,29,458,499,116,67,24,0,25,107,29,21.4,5.8,.253,78,91.1,12.7,
DeSclafani, Anthony,2019,29,55,57,6,6,0,0,0,28,0,49.1,0.0,.109,1,89.5,-7.2,
Dickerson, Alex,2019,29,174,190,48,26,13,3,6,42,13,22.1,6.8,.276,28,89.9,15.9,
Federowicz, Tim,2019,32,75,83,12,6,2,0,4,31,5,37.3,6.0,.160,7,90.4,19.2,
Galloway, Isaac,2019,30,54,54,9,8,1,0,0,17,0,31.5,0.0,.167,1,85.6,15.2,
Gomes, Yan,2019,32,314,358,70,42,16,0,12,84,38,23.5,10.6,.223,43,87.6,17.9,
Gray, Sonny,2019,30,46,60,7,6,0,1,0,19,2,31.7,3.3,.152,3,85,-12.5,
Grossman, Robbie,2019,30,420,482,101,71,21,3,6,86,59,17.8,12.2,.240,38,87.7,12,
Harrison, Josh,2019,32,137,147,24,15,7,1,1,27,6,18.4,4.1,.175,8,86.3,19.6,
Hendricks, Kyle,2019,30,54,64,8,7,1,0,0,29,2,45.3,3.1,.148,5,86,5.4,
Herrmann, Chris,2019,32,84,94,17,13,3,0,1,29,9,30.9,9.6,.202,8,88.7,6.7,
Hicks, Aaron,2019,30,221,255,52,30,10,0,12,72,31,28.2,12.2,.235,36,89.7,13.6,
Hicks, John,2019,30,319,333,67,39,15,0,13,109,13,32.7,3.9,.210,35,87.9,16.2,
Higashioka, Kyle,2019,29,56,57,12,4,5,0,3,26,0,45.6,0.0,.214,11,89.8,17.7,
Hosmer, Eric,2019,30,619,667,164,111,29,2,22,163,40,24.4,6.0,.265,99,90.8,2.1,
Joseph, Corban,2019,31,64,68,10,6,3,0,1,12,3,17.6,4.4,.156,7,87.3,9.3,
Kipnis, Jason,2019,32,458,511,112,71,23,1,17,88,40,17.2,7.8,.245,65,88.1,14.1,
McCann, James,2019,29,439,476,120,75,26,1,18,137,30,28.8,6.3,.273,60,90.2,10.8,
Miller, Brad,2019,30,154,170,40,20,6,1,13,45,15,26.5,8.8,.260,25,92.6,17.7,
Nola, Austin,2019,30,238,267,64,41,12,1,10,63,23,23.6,8.6,.269,31,87.4,16.3,
Rendon, Anthony,2019,29,545,646,174,93,44,3,34,86,80,13.3,12.4,.319,126,90.4,19.5,
Semien, Marcus,2019,29,657,747,187,104,43,7,33,102,87,13.7,11.6,.285,92,88.9,14.9,
Shaw, Travis,2019,29,230,270,36,24,5,0,7,89,36,33.0,13.3,.157,16,89,24.9,
Shuck, JB,2019,32,47,57,10,9,0,1,0,10,8,17.5,14.0,.213,2,86.7,-0.1,
Springer, George,2019,30,479,556,140,78,20,3,39,113,67,20.3,12.1,.292,96,89.8,10.4,
Strange-Gordon, Dee,2019,31,393,421,108,87,12,6,3,61,18,14.5,4.3,.275,34,84.3,5.9,
Vazquez, Christian,2019,29,482,521,133,83,26,1,23,101,33,19.4,6.3,.276,72,89.4,13.2,
Wong, Kolten,2019,29,478,549,136,96,25,4,11,83,47,15.1,8.6,.285,59,86.1,12.7,
Gregorius, Didi,2019,29,324,344,77,45,14,2,16,53,17,15.4,4.9,.238,61,88.2,17.7,
Garcia, Leury,2019,28,577,618,161,123,27,3,8,139,21,22.5,3.4,.279,40,88.2,6.2,
Strasburg, Stephen,2019,31,72,80,12,10,1,0,1,25,3,31.3,3.8,.167,10,88,-3.9,
Vargas, Ildemaro,2019,28,201,211,54,38,9,1,6,24,9,11.4,4.3,.269,24,87.1,3.2,
Grichuk, Randal,2019,28,586,628,136,71,29,5,31,163,35,26.0,5.6,.232,80,89.3,16,
Marisnick, Jake,2019,28,292,318,68,39,16,3,10,95,17,29.9,5.3,.233,34,86.7,11.7,
Stassi, Max,2019,28,132,147,18,16,1,0,1,49,12,33.3,8.2,.136,5,89.3,12.4,
Trout, Mike,2019,28,470,600,137,63,27,2,45,120,110,20.0,18.3,.291,104,90.9,22.2,
Herrera, Odubel,2019,28,126,139,28,16,10,1,1,33,11,23.7,7.9,.222,16,88,11,
Almora Jr., Albert,2019,25,339,363,80,56,11,1,12,62,16,17.1,4.4,.236,32,86.3,8.5,
Ruiz, Rio,2019,25,370,413,86,59,13,2,12,88,40,21.3,9.7,.232,46,88.4,11.3,
Delmonico, Nicky,2019,27,63,68,13,10,2,0,1,25,4,36.8,5.9,.206,6,87,15.9,
Wolters, Tony,2019,27,359,411,94,74,17,2,1,68,36,16.5,8.8,.262,42,85.3,10.1,
Lorenzen, Michael,2019,27,48,53,10,7,2,0,1,17,5,32.1,9.4,.208,6,95.6,-1.2,
Harper, Bryce,2019,27,573,682,149,77,36,1,35,178,99,26.1,14.5,.260,114,91.9,13.7,
Perez, Roberto,2019,31,389,449,93,59,9,1,24,127,45,28.3,10.0,.239,63,90.2,5.7,
Ryu, Hyun Jin,2019,32,51,67,8,6,1,0,1,23,4,34.3,6.0,.157,3,86.9,4,
Martin, Leonys,2019,31,236,264,47,31,7,0,9,78,21,29.5,8.0,.199,19,87.3,16.9,
Abreu, Jose,2019,32,634,693,180,108,38,1,33,152,36,21.9,5.2,.284,123,92.1,10.9,
Diaz, Elias,2019,29,303,332,73,57,14,0,2,56,23,16.9,6.9,.241,28,88.1,9.2,
Narvaez, Omar,2019,27,428,482,119,85,12,0,22,92,47,19.1,9.8,.278,55,85.5,17.8,
Astudillo, Willians,2019,28,190,204,51,38,9,0,4,8,5,3.9,2.5,.268,21,85.9,15.4,
Suarez, Eugenio,2019,28,575,662,156,83,22,2,49,189,70,28.5,10.6,.271,103,89.4,17.8,
Wheeler, Zack,2019,29,57,64,12,9,2,0,1,19,2,29.7,3.1,.211,6,78.6,1.9,
Polanco, Gregory,2019,28,153,167,37,22,8,1,6,49,12,29.3,7.2,.242,17,89.4,18.4,
Santana, Domingo,2019,27,451,507,114,72,20,1,21,164,50,32.3,9.9,.253,69,89,11.3,
Gonzalez, Erik,2019,28,142,156,36,30,4,1,1,37,9,23.7,5.8,.254,6,87.4,4.5,
Urshela, Gio,2019,28,442,476,139,84,34,0,21,87,25,18.3,5.3,.314,74,90.6,13.5,
Sanchez, Yolmer,2019,27,496,555,125,99,20,4,2,117,44,21.1,7.9,.252,43,87.1,14.2,
Schoop, Jonathan,2019,28,433,464,111,64,23,1,23,116,20,25.0,4.3,.256,59,87.5,12.5,
Adams, Matt,2019,31,310,333,70,36,14,0,20,115,20,34.5,6.0,.226,56,88.6,19.6,
Altherr, Aaron,2019,28,61,66,5,2,2,0,1,25,3,37.9,4.5,.082,3,85.3,16.8,
Arenado, Nolan,2019,28,588,662,185,111,31,2,41,93,62,14.0,9.4,.315,118,89.4,17.6,
Barnhart, Tucker,2019,28,316,364,73,48,14,0,11,83,44,22.8,12.1,.231,40,86.5,11.8,
Bour, Justin,2019,31,151,170,26,13,5,0,8,52,17,30.6,10.0,.172,26,89.3,10.4,
Corbin, Patrick,2019,30,65,72,6,5,1,0,0,27,3,37.5,4.2,.092,4,81.9,-5.8,
Farmer, Kyle,2019,29,183,197,42,27,6,0,9,59,10,29.9,5.1,.230,27,85.4,17.8,
Gennett, Scooter,2019,29,133,139,30,21,7,0,2,41,2,29.5,1.4,.226,11,86.3,13.2,
Goodwin, Brian,2019,29,413,458,108,59,29,3,17,129,38,28.2,8.3,.262,47,87.6,18.4,
Hamilton, Billy,2019,29,316,353,69,53,14,2,0,87,32,24.6,9.1,.218,15,80.7,15.2,
Haniger, Mitch,2019,29,246,283,54,25,13,1,15,81,30,28.6,10.6,.220,32,88.4,18.2,
Hernandez, Enrique,2019,28,414,460,98,61,19,1,17,97,36,21.1,7.8,.237,64,88.4,19.5,
Holt, Brock,2019,31,259,295,77,58,14,2,3,57,28,19.3,9.5,.297,31,87.5,11.2,
Lamb, Jake,2019,29,187,226,36,20,8,2,6,55,32,24.3,14.2,.193,30,90.7,14.2,
Maile, Luke,2019,28,119,129,18,13,2,1,2,33,8,25.6,6.2,.151,9,84.7,13.2,
Matz, Steven,2019,28,57,61,13,12,0,0,1,17,0,27.9,0.0,.228,1,83.6,8.1,
Mikolas, Miles,2019,31,59,62,8,7,1,0,0,27,0,43.5,0.0,.136,2,81.6,5,
Muncy, Max,2019,29,487,589,122,64,22,1,35,149,90,25.3,15.3,.251,98,89.8,14.4,
Murphy, John Ryan,2019,28,63,70,11,4,3,0,4,28,6,40.0,8.6,.175,7,87.9,18.1,
Myers, Wil,2019,29,435,490,104,63,22,1,18,168,51,34.3,10.4,.239,53,90.2,12.1,
Naquin, Tyler,2019,28,274,294,79,50,19,0,10,66,14,22.4,4.8,.288,34,90.7,12.4,
Owings, Chris,2019,28,180,196,25,15,6,1,3,78,14,39.8,7.1,.139,14,86.9,8.5,
Phegley, Josh,2019,31,314,342,75,45,18,0,12,63,15,18.4,4.4,.239,62,84.1,17.4,
Piscotty, Stephen,2019,28,357,393,89,58,17,1,13,84,29,21.4,7.4,.249,44,89.2,12.5,
Pollock, AJ,2019,32,308,342,82,51,15,1,15,74,23,21.6,6.7,.266,47,90.6,13.7,
Rickard, Joey,2019,28,168,189,38,24,9,2,3,50,18,26.5,9.5,.226,10,84.8,17.2,
Seager, Kyle,2019,32,393,443,94,51,19,1,23,86,44,19.4,9.9,.239,63,89.4,18.6,
Taylor, Michael A.,2019,28,88,97,22,14,7,0,1,34,7,35.1,7.2,.250,3,91.5,8.9,
Voit, Luke,2019,28,429,510,113,70,21,1,21,142,71,27.8,13.9,.263,62,89.7,12.5,
Walker, Christian,2019,28,529,603,137,81,26,1,29,155,67,25.7,11.1,.259,73,91.1,14.8,
Zunino, Mike,2019,28,266,289,44,24,10,1,9,98,20,33.9,6.9,.165,32,88.4,19.2,
Goins, Ryan,2019,31,144,163,36,27,6,1,2,44,17,27.0,10.4,.250,10,87.4,7.8,
Carpenter, Matt,2019,34,416,492,94,57,20,2,15,129,63,26.2,12.8,.226,46,88,19,
Dickerson, Corey,2019,30,260,279,79,37,28,2,12,56,16,20.1,5.7,.304,59,87.1,16.2,
Dozier, Brian,2019,32,416,482,99,59,20,0,20,105,61,21.8,12.7,.238,50,88.5,18.9,
Garneau, Dustin,2019,32,86,101,21,13,5,0,3,22,10,21.8,9.9,.244,14,84.5,20.7,
Saladino, Tyler,2019,30,65,71,8,6,0,0,2,26,5,36.6,7.0,.123,8,88.2,4.7,
Yastrzemski, Mike,2019,29,371,411,101,55,22,3,21,107,32,26.0,7.8,.272,55,89.6,19.3,
Contreras, Willson,2019,27,360,409,98,54,18,2,24,102,38,24.9,9.3,.272,64,88.5,7.5,
Gyorko, Jedd,2019,31,92,101,16,13,1,0,2,24,9,23.8,8.9,.174,9,85.8,16.3,
Iglesias, Jose,2019,29,504,530,145,110,21,3,11,70,20,13.2,3.8,.288,59,84.2,6.9,
Hechavarria, Adeiny,2019,30,203,221,49,27,12,1,9,48,14,21.7,6.3,.241,33,87.7,11.6,
Osuna, Jose,2019,27,261,285,69,39,20,0,10,48,18,16.8,6.3,.264,36,89.2,9.6,
Valera, Breyvic,2019,27,47,52,11,7,2,1,1,7,4,13.5,7.7,.234,6,85.9,17.2,
Austin, Tyler,2019,28,154,179,29,14,5,1,9,67,24,37.4,13.4,.188,24,91.5,14.8,
Bryant, Kris,2019,27,543,634,153,86,35,1,31,145,74,22.9,11.7,.282,77,87.5,19.1,
Canha, Mark,2019,30,410,497,112,67,16,3,26,107,67,21.5,13.5,.273,58,89.1,15.1,
Casali, Curt,2019,31,207,236,52,35,9,0,8,59,25,25.0,10.6,.251,32,87.2,19,
Castellanos, Nick,2019,27,615,664,178,90,58,3,27,143,41,21.5,6.2,.289,73,89,14,
DeShields, Delino,2019,27,357,408,89,66,15,4,4,100,38,24.5,9.3,.249,32,86.9,13.5,
Drury, Brandon,2019,27,418,447,91,54,21,1,15,113,25,25.3,5.6,.218,41,86.9,13.8,
Gamel, Ben,2019,27,311,356,77,52,18,0,7,104,40,29.2,11.2,.248,33,88.2,10.1,
Goodrum, Niko,2019,27,423,472,105,61,27,5,12,138,46,29.2,9.7,.248,45,89.3,13,
Gray, Jon,2019,28,47,59,3,3,0,0,0,22,3,37.3,5.1,.064,1,77.2,1.5,
Healy, Ryon,2019,27,169,187,40,17,16,0,7,40,13,21.4,7.0,.237,26,89.6,17,
Holaday, Bryan,2019,32,115,129,32,22,6,0,4,21,11,16.3,8.5,.278,12,88.3,10.8,
Jones, JaCoby,2019,27,298,333,70,37,19,3,11,94,27,28.2,8.1,.235,26,91.6,14,
Judge, Aaron,2019,27,378,447,103,57,18,1,27,141,64,31.5,14.3,.272,55,96,11.2,
Machado, Manny,2019,27,587,661,150,95,21,2,32,128,65,19.4,9.8,.256,85,91.2,12.9,
Moran, Colin,2019,27,466,503,129,85,30,1,13,117,30,23.3,6.0,.277,80,88.2,12.4,
Pederson, Joc,2019,27,450,514,112,57,16,3,36,111,50,21.6,9.7,.249,74,91.2,15.1,
Ray, Robbie,2019,28,55,60,4,4,0,0,0,28,0,46.7,0.0,.073,3,79.5,-13.9,
Realmuto, J.T.,2019,28,538,593,148,84,36,3,25,123,41,20.7,6.9,.275,83,90.3,14.4,
Renfroe, Hunter,2019,27,440,494,95,42,19,1,33,154,46,31.2,9.3,.216,64,89.9,19.1,
Rivera, Yadiel,2019,27,60,66,11,9,2,0,0,20,6,30.3,9.1,.183,3,89.3,1.6,
Rosario, Eddie,2019,28,562,590,155,94,28,1,32,86,22,14.6,3.7,.276,109,89.2,16.8,
Simmons, Andrelton,2019,30,398,424,105,79,19,0,7,37,24,8.7,5.7,.264,40,87.8,9.5,
Syndergaard, Noah,2019,27,65,69,6,3,1,0,2,47,3,68.1,4.3,.092,2,88.2,21.7,
Wilkerson, Stevie,2019,27,329,361,74,44,18,2,10,108,22,29.9,6.1,.225,35,86.3,11.1,
Yelich, Christian,2019,28,489,580,161,85,29,3,44,118,80,20.3,13.8,.329,97,93.2,11.3,
Merrifield, Whit,2019,30,681,735,206,139,41,10,16,126,45,17.1,6.1,.302,74,87,15.6,
Bogaerts, Xander,2019,27,614,698,190,105,52,0,33,122,76,17.5,10.9,.309,117,90.6,13.2,
Hernandez, Marco,2019,27,148,155,37,28,7,0,2,42,3,27.1,1.9,.250,11,87,6.4,
Alberto, Hanser,2019,27,524,550,160,125,21,2,12,50,16,9.1,2.9,.305,51,84.4,11.8,
Polanco, Jorge,2019,26,631,704,186,117,40,7,22,116,60,16.5,8.5,.295,79,88,18.9,
Sano, Miguel,2019,26,380,439,94,39,19,2,34,159,55,36.2,12.5,.247,79,94.4,15.9,
Herrera, Rosell,2019,27,105,119,21,13,6,0,2,27,11,22.7,9.2,.200,11,87.9,11.8,
Difo, Wilmer,2019,27,131,144,33,29,2,0,2,29,12,20.1,8.3,.252,8,83.9,10.1,
Calhoun, Kole,2019,32,552,632,128,65,29,1,33,162,70,25.6,11.1,.232,74,89.5,14.9,
deGrom, Jacob,2019,31,65,70,13,9,2,0,2,19,4,27.1,5.7,.200,6,85.3,1.2,
Duvall, Adam,2019,31,120,130,32,17,4,1,10,39,7,30.0,5.4,.267,19,91.1,25.6,
Eaton, Adam,2019,31,566,656,158,111,25,7,15,106,65,16.2,9.9,.279,49,88.9,15.3,
Garcia, Greg,2019,30,311,372,77,56,13,4,4,83,53,22.3,14.2,.248,31,85.9,4.5,
Gosselin, Phil,2019,31,65,68,17,14,3,0,0,16,3,23.5,4.4,.262,7,88.6,15.1,
Palka, Daniel,2019,28,84,93,9,7,0,0,2,35,8,37.6,8.6,.107,4,87.4,15,
Schebler, Scott,2019,29,81,95,10,6,2,0,2,27,14,28.4,14.7,.123,7,86.5,7.2,
Kiermaier, Kevin,2019,29,447,480,102,61,20,7,14,104,26,21.7,5.4,.228,55,89.2,6.9,
Knapp, Andrew,2019,28,136,160,29,18,9,0,2,51,18,31.9,11.3,.213,8,89.2,16.1,
Riddle, JT,2019,28,132,139,25,13,6,0,6,42,5,30.2,3.6,.189,12,88.9,9.9,
Wallach, Chad,2019,28,48,54,12,8,3,0,1,12,6,22.2,11.1,.250,3,89.9,13.4,
Alfaro, Jorge,2019,26,431,465,113,80,14,1,18,154,22,33.1,4.7,.262,57,90.8,4.7,
Profar, Jurickson,2019,26,459,518,100,54,24,2,20,75,48,14.5,9.3,.218,67,86.7,14,
Baez, Javier,2019,27,531,561,149,78,38,4,29,156,28,27.8,5.0,.281,85,91.1,7.8,
Cave, Jake,2019,27,198,228,51,30,11,2,8,71,21,31.1,9.2,.258,25,90.5,7.4,
Gallagher, Cam,2019,27,126,142,30,20,7,0,3,28,11,19.7,7.7,.238,12,86.3,12.8,
Hedges, Austin,2019,27,312,347,55,35,9,0,11,109,27,31.4,7.8,.176,36,86.7,21.8,
Heineman, Scott,2019,27,75,85,16,8,6,0,2,20,9,23.5,10.6,.213,7,87.4,10.7,
Kramer, Kevin,2019,26,42,50,7,6,1,0,0,17,6,34.0,12.0,.167,5,86.4,18.2,
Lindor, Francisco,2019,26,598,654,170,96,40,2,32,98,46,15.0,7.0,.284,74,91,12.2,
Odor, Rougned,2019,25,522,581,107,46,30,1,30,178,52,30.6,9.0,.205,93,91.1,17.9,
Slater, Austin,2019,27,168,192,40,23,9,3,5,59,22,30.7,11.5,.238,21,88.5,3.4,
Smith, Dwight,2019,27,357,392,86,54,16,3,13,82,26,20.9,6.6,.241,53,89.1,7.3,
Story, Trevor,2019,27,588,656,173,95,38,5,35,174,58,26.5,8.8,.294,85,91,17.5,
Swihart, Blake,2019,27,92,99,15,10,1,0,4,36,6,36.4,6.1,.163,13,85.7,12.2,
Vogelbach, Daniel,2019,27,462,558,96,49,17,0,30,149,92,26.7,16.5,.208,76,88.9,17.2,
Sanchez, Gary,2019,27,396,446,92,45,12,1,34,125,40,28.0,9.0,.232,77,91.2,19,
Cuthbert, Cheslor,2019,27,309,330,76,53,14,0,9,67,19,20.3,5.8,.246,40,88.9,14.9,
Kepler, Max,2019,26,524,596,132,64,32,0,36,99,60,16.6,10.1,.252,90,89.7,18.2,
Quinn, Roman,2019,26,108,122,23,15,3,1,4,34,12,27.9,9.8,.213,11,88.9,11.7,
Franco, Maikel,2019,27,389,428,91,57,17,0,17,61,36,14.3,8.4,.234,56,89.1,14.8,
Garcia, Robel,2019,26,72,80,15,6,2,2,5,35,7,43.8,8.8,.208,11,89.8,22.6,
Choi, Ji-Man,2019,28,410,487,107,66,20,2,19,108,64,22.2,13.1,.261,63,91.2,12.8,
Bradley Jr., Jackie,2019,29,494,567,111,59,28,3,21,155,56,27.3,9.9,.225,62,90.1,9.3,
La Stella, Tommy,2019,30,292,321,86,62,8,0,16,28,20,8.7,6.2,.295,44,88.2,13.2,
Severino, Pedro,2019,26,305,341,76,50,13,0,13,73,29,21.4,8.5,.249,44,87.6,13.2,
Nunez, Renato,2019,25,541,599,132,77,24,0,31,143,44,23.9,7.3,.244,90,89.9,19.9,
Arteaga, Humberto,2019,25,122,135,24,20,4,0,0,28,8,20.7,5.9,.197,4,84.5,9.3,
Candelario, Jeimer,2019,26,335,386,68,41,17,2,8,99,43,25.6,11.1,.203,32,88.2,15.8,
Daza, Yonathan,2019,25,97,105,20,18,1,1,0,21,7,20.0,6.7,.206,3,84.5,4.8,
Rondon, Jose,2019,25,143,157,28,22,3,0,3,38,11,24.2,7.0,.196,9,87.3,8.1,
Ahmed, Nick,2019,29,556,625,141,83,33,6,19,113,52,18.1,8.3,.254,82,87.8,7.6,
Anderson, Brian,2019,26,459,520,120,66,33,1,20,114,44,21.9,8.5,.261,66,89.9,11.1,
Barnes, Austin,2019,30,212,242,43,25,12,1,5,56,23,23.1,9.5,.203,25,87.2,16.4,
Bell, Josh,2019,27,527,613,146,69,37,3,37,118,74,19.2,12.1,.277,116,92.4,12.9,
Betts, Mookie,2019,27,597,706,176,102,40,5,29,101,97,14.3,13.7,.295,80,91,19.3,
Caratini, Victor,2019,26,244,279,65,43,11,0,11,59,29,21.1,10.4,.266,34,89.7,7,
Cron, Kevin,2019,26,71,78,15,5,4,0,6,28,4,35.9,5.1,.211,16,89.9,14.2,
Davies, Zach,2019,26,52,55,8,6,2,0,0,25,1,45.5,1.8,.154,3,82.6,15.5,
Davis, J.D.,2019,26,410,453,126,81,22,1,22,97,38,21.4,8.4,.307,57,91.5,10.6,
Fisher, Derek,2019,26,146,167,27,15,4,1,7,57,21,34.1,12.6,.185,17,92.3,9.2,
Gore, Terrance,2019,28,51,58,14,11,2,1,0,18,6,31.0,10.3,.275,1,83.5,6.5,
Martini, Nick,2019,29,93,109,21,15,4,1,1,26,14,23.9,12.8,.226,7,87.7,5.4,
Musgrove, Joe,2019,27,51,61,8,5,2,1,0,19,2,31.1,3.3,.157,3,86.8,11.3,
Nola, Aaron,2019,26,59,70,7,5,2,0,0,35,6,50.0,8.6,.119,2,86.7,1.9,
Panik, Joe,2019,29,438,491,107,79,21,2,5,47,43,9.6,8.8,.244,39,86.8,12.9,
Perez, Michael,2019,27,46,55,10,5,5,0,0,19,8,34.5,14.5,.217,2,92.5,15.5,
Skole, Matt,2019,30,72,80,15,13,2,0,0,31,7,38.8,8.8,.208,6,82,17.5,
Smith, Mallex,2019,26,510,566,116,82,19,9,6,141,42,24.9,7.4,.227,37,85.2,7.5,
Spangenberg, Cory,2019,28,95,102,22,16,2,2,2,36,6,35.3,5.9,.232,10,85.1,-0.1,
Starling, Bubba,2019,27,186,197,40,29,7,0,4,56,9,28.4,4.6,.215,12,81.8,12.1,
Tilson, Charlie,2019,27,144,157,33,27,5,0,1,38,10,24.2,6.4,.229,12,86.9,4.9,
Castro, Harold,2019,26,354,369,103,84,10,4,5,86,9,23.3,2.4,.291,38,87.2,8.5,
Arcia, Orlando,2019,25,494,546,110,78,16,1,15,109,43,20.0,7.9,.223,59,88,6.8,
Tapia, Raimel,2019,25,426,447,117,80,23,5,9,100,21,22.4,4.7,.275,44,87.6,7.5,
Aquino, Aristides,2019,25,205,225,53,26,8,0,19,60,16,26.7,7.1,.259,47,87.9,18.2,
Hernandez, Teoscar,2019,27,417,464,96,49,19,2,26,153,45,33.0,9.7,.230,65,91.2,15.3,
Peraza, Jose,2019,25,376,403,90,64,18,2,6,58,17,14.4,4.2,.239,33,84.9,17.4,
Marte, Ketel,2019,26,569,628,187,110,36,9,32,86,53,13.7,8.4,.329,92,90,11.5,
Greiner, Grayson,2019,27,208,224,42,31,5,1,5,70,13,31.3,5.8,.202,19,86.7,12.7,
Nimmo, Brandon,2019,26,199,254,44,24,11,1,8,71,46,28.0,18.1,.221,29,89.3,12.2,
Peterson, Jace,2019,29,100,108,22,16,3,1,2,24,6,22.2,5.6,.220,11,88.4,9.5,
Turner, Trea,2019,26,521,569,155,94,37,5,19,113,43,19.9,7.6,.298,57,90.4,9.9,
Smith, Kevan,2019,31,191,211,48,31,12,0,5,37,16,17.5,7.6,.251,20,89.5,5.7,
Beaty, Matt,2019,26,249,268,66,37,19,1,9,33,17,12.3,6.3,.265,46,89.4,10.2,
Blandino, Alex,2019,27,36,50,9,7,1,0,1,14,10,28.0,20.0,.250,3,90.1,12.4,
Pillar, Kevin,2019,30,611,645,158,97,37,3,21,89,18,13.8,2.8,.259,88,86.4,14.1,
Stallings, Jacob,2019,30,191,210,50,39,5,0,6,40,16,19.0,7.6,.262,13,89.2,11.3,
Travis, Sam,2019,26,144,157,31,20,4,1,6,36,11,22.9,7.0,.215,16,89.1,8,
Williamson, Mac,2019,29,128,144,20,15,1,0,4,44,14,30.6,9.7,.156,17,85.3,8.5,
Ramirez, Jose,2019,27,482,542,123,64,33,3,23,74,52,13.7,9.6,.255,83,89.2,19.8,
Bregman, Alex,2019,25,554,690,164,84,37,2,41,83,119,12.0,17.2,.296,112,89.3,19.6,
Fried, Max,2019,25,56,65,11,7,4,0,0,16,5,24.6,7.7,.196,4,86.5,-3.5,
Gallo, Joey,2019,26,241,297,61,23,15,1,22,114,52,38.4,17.5,.253,49,94.6,22.2,
Kelly, Carson,2019,25,314,365,77,40,19,0,18,79,48,21.6,13.2,.245,47,89,14.3,
Russell, Addison,2019,25,215,241,51,37,4,1,9,58,20,24.1,8.3,.237,23,86.9,9.1,
Seager, Corey,2019,25,489,541,133,69,44,1,19,98,44,18.1,8.1,.272,87,88.8,14.1,
Williams, Nick,2019,26,106,112,16,10,4,0,2,43,4,38.4,3.6,.151,5,86.7,10.9,
Winker, Jesse,2019,26,338,384,91,56,17,2,16,60,38,15.6,9.9,.269,38,89.1,7.5,
Lugo, Dawel,2019,25,273,288,67,46,11,4,6,59,8,20.5,2.8,.245,26,86.8,7.9,
Marquez, German,2019,24,48,58,11,6,4,1,0,14,0,24.1,0.0,.229,11,81.1,9.4,
Mazara, Nomar,2019,24,429,469,115,68,27,1,19,108,28,23.0,6.0,.268,66,89.1,10.4,
Murphy, Tom,2019,28,260,281,71,40,12,1,18,87,19,31.0,6.8,.273,40,90.6,18.9,
Guzman, Ronald,2019,25,256,295,56,26,20,0,10,87,32,29.5,10.8,.219,36,85.7,14.6,
Mayfield, Jack,2019,29,64,65,10,3,5,0,2,16,1,24.6,1.5,.156,5,85.6,18.9,
Plawecki, Kevin,2019,28,158,174,35,22,10,0,3,31,12,17.8,6.9,.222,17,85.6,15.3,
Mondesi, Adalberto,2019,24,415,443,109,70,20,10,9,132,19,29.8,4.3,.263,62,88.8,10,
Reyes, Franmil,2019,24,494,548,123,67,19,0,37,156,47,28.5,8.6,.249,81,93.3,9.5,
Barreto, Franklin,2019,23,57,58,7,3,2,0,2,23,1,39.7,1.7,.123,5,89,6.5,
Urena, Richard,2019,23,74,80,18,12,6,0,0,23,2,28.8,2.5,.243,4,86.7,9.8,
Robertson, Daniel,2019,25,207,237,44,32,9,1,2,59,24,24.9,10.1,.213,19,87.7,5.8,
Lopes, Tim,2019,25,111,128,30,22,7,0,1,29,15,22.7,11.7,.270,12,85,8.7,
Martin, Richie,2019,25,283,309,59,42,8,3,6,83,14,26.9,4.5,.208,23,83.2,9.4,
Swanson, Dansby,2019,25,483,545,121,75,26,3,17,124,51,22.8,9.4,.251,65,89.9,14.4,
Newman, Kevin,2019,26,493,531,152,114,20,6,12,62,28,11.7,5.3,.308,64,85.3,8.5,
Taylor, Chris,2019,29,366,414,96,51,29,4,12,115,37,27.8,8.9,.262,52,86.1,13.8,
Correa, Carlos,2019,25,280,321,78,40,16,1,21,75,35,23.4,10.9,.279,59,89,12.6,
Eflin, Zach,2019,25,50,52,8,7,1,0,0,27,0,51.9,0.0,.160,2,81.9,15.1,
Buehler, Walker,2019,25,59,66,5,4,0,0,1,33,4,50.0,6.1,.085,2,88.1,-6.3,
Dahl, David,2019,25,374,413,113,65,28,5,15,110,28,26.6,6.8,.302,61,88.7,11.2,
Phillips, Brett,2019,25,65,79,9,5,2,0,2,23,10,29.1,12.7,.138,6,87.6,14,
Buxton, Byron,2019,26,271,295,71,27,30,4,10,68,19,23.1,6.4,.262,46,90.1,20.4,
Brinson, Lewis,2019,25,226,248,39,29,9,1,0,74,13,29.8,5.2,.173,15,87,10,
Duggar, Steven,2019,26,261,281,61,43,12,2,4,78,16,27.8,5.7,.234,28,85.7,9,
Rios, Edwin,2019,25,47,56,13,6,2,1,4,21,9,37.5,16.1,.277,8,95,5.4,
Stewart, DJ,2019,26,126,142,30,20,6,0,4,26,14,18.3,9.9,.238,15,87.9,12.9,
Nido, Tomas,2019,25,136,144,26,17,5,0,4,37,7,25.7,4.9,.191,14,87.3,7.1,
Stewart, Christin,2019,26,369,416,86,50,25,1,10,103,34,24.8,8.2,.233,40,86.9,19.1,
Bemboom, Anthony,2019,29,54,56,7,5,1,0,1,21,1,37.5,1.8,.130,4,83.7,22.7,
Wendle, Joey,2019,29,238,263,55,37,13,2,3,47,14,17.9,5.3,.231,19,87.4,11.6,
Olson, Matt,2019,25,483,547,129,67,26,0,36,138,51,25.2,9.3,.267,91,92.7,19,
Dean, Austin,2019,26,178,189,40,20,14,0,6,47,9,24.9,4.8,.225,21,88.7,9.4,
Duffy, Matt,2019,28,147,169,37,28,8,0,1,29,19,17.2,11.2,.252,12,87,5.5,
Munoz, Yairo,2019,24,172,181,46,36,7,1,2,37,7,20.4,3.9,.267,13,84.7,6.2,
Castillo, Luis,2019,27,62,66,6,5,1,0,0,32,0,48.5,0.0,.097,0,79.8,14.4,
Margot, Manuel,2019,25,398,441,93,59,19,3,12,88,38,20.0,8.6,.234,37,87.7,14.2,
Reyes, Pablo,2019,26,143,157,29,18,7,2,2,36,13,22.9,8.3,.203,19,88.2,12.2,
Camargo, Johan,2019,26,232,248,54,34,12,1,7,43,15,17.3,6.0,.233,32,86.9,11.1,
Reyes, Victor,2019,25,276,292,84,60,16,5,3,64,14,21.9,4.8,.304,25,87.6,9.2,
Bishop, Braden,2019,26,56,60,6,6,0,0,0,21,3,35.0,5.0,.107,4,83.1,13,
Bote, David,2019,26,303,356,78,50,17,0,11,93,44,26.1,12.4,.257,41,89.7,7.7,
Ramirez, Harold,2019,25,421,446,116,82,20,3,11,91,18,20.4,4.0,.276,50,88.9,3.8,
Santander, Anthony,2019,25,380,405,99,58,20,1,20,86,19,21.2,4.7,.261,59,89.9,15.3,
Alonso, Pete,2019,25,597,693,155,70,30,2,53,183,72,26.4,10.4,.260,120,90.7,14.8,
Arroyo, Christian,2019,24,50,57,11,7,2,0,2,18,5,31.6,8.8,.220,7,84.4,5.3,
Biggio, Cavan,2019,24,354,430,83,48,17,2,16,123,71,28.6,16.5,.234,48,88.9,20.1,
Conforto, Michael,2019,26,549,648,141,78,29,1,33,149,84,23.0,13.0,.257,92,89.2,16,
Frazier, Adam,2019,28,554,608,154,104,33,7,10,75,40,12.3,6.6,.278,50,87.2,13,
Trevino, Jose,2019,27,120,126,31,20,9,0,2,27,3,21.4,2.4,.258,13,86.8,8.3,
McGuire, Reese,2019,24,97,105,29,17,7,0,5,18,7,17.1,6.7,.299,11,86.7,13.1,
Puig, Yasiel,2019,29,555,611,148,92,30,2,24,133,44,21.8,7.2,.267,84,90,13.8,
Soler, Jorge,2019,27,589,679,156,74,33,1,48,178,73,26.2,10.8,.265,117,92.6,15.5,
Maeda, Kenta,2019,31,48,61,12,10,2,0,0,13,0,21.3,0.0,.250,6,82.8,7.8,
Heredia, Guillermo,2019,28,204,231,46,28,13,0,5,60,18,26.0,7.8,.225,20,86.6,12.9,
Kang, Jung Ho,2019,32,172,185,29,11,7,1,10,60,11,32.4,5.9,.169,24,92.2,13.7,
Ervin, Phillip,2019,27,236,260,64,39,11,7,7,63,18,24.2,6.9,.271,23,85.1,14.4,
Frazier, Clint,2019,25,225,246,60,34,14,0,12,70,16,28.5,6.5,.267,38,88.5,15.4,
Meadows, Austin,2019,24,530,591,154,85,29,7,33,131,54,22.2,9.1,.291,89,90.4,16.7,
Mercado, Oscar,2019,25,438,482,118,75,25,3,15,84,28,17.4,5.8,.269,54,88,14.7,
Pinder, Chad,2019,27,341,370,82,48,21,0,13,88,20,23.8,5.4,.240,47,90.9,8.5,
Anderson, Tim,2019,26,498,518,167,117,32,0,18,109,15,21.0,2.9,.335,56,88.3,8.7,
Bauers, Jake,2019,24,372,423,84,55,16,1,12,115,45,27.2,10.6,.226,43,88.1,15,
Bellinger, Cody,2019,24,558,661,170,86,34,3,47,108,95,16.3,14.4,.305,115,91.1,18.2,
Calhoun, Willie,2019,25,309,337,83,47,14,1,21,53,23,15.7,6.8,.269,48,89.7,17.6,
Collins, Zack,2019,24,86,102,16,9,3,1,3,39,14,38.2,13.7,.186,12,90.7,15.3,
Cordell, Ryan,2019,27,217,247,48,33,8,0,7,69,19,27.9,7.7,.221,24,88.9,19.5,
Crawford, J.P.,2019,24,345,396,78,46,21,4,7,83,43,21.0,10.9,.226,46,85,12.3,
Davis, Jonathan,2019,27,83,95,15,12,1,0,2,24,5,25.3,5.3,.181,6,84.6,12.5,
Demeritte, Travis,2019,25,169,186,38,26,7,2,3,63,14,33.9,7.5,.225,10,91.2,16.1,
Dixon, Brandon,2019,27,391,420,97,58,20,4,15,136,21,32.4,5.0,.248,52,89.5,16.9,
Dozier, Hunter,2019,28,523,586,146,81,29,10,26,148,55,25.3,9.4,.279,84,91.1,16.7,
Engel, Adam,2019,28,227,248,55,37,10,2,6,78,14,31.5,5.6,.242,26,86.4,11.1,
Garver, Mitch,2019,28,311,359,85,37,16,1,31,87,41,24.2,11.4,.273,67,91.1,15.3,
Guillorme, Luis,2019,25,61,70,15,10,4,0,1,14,7,20.0,10.0,.246,3,87,16.8,
Hampson, Garrett,2019,25,299,327,74,53,9,4,8,88,24,26.9,7.3,.247,27,85.8,13.3,
Hudson, Dakota,2019,25,51,59,4,4,0,0,0,24,0,40.7,0.0,.078,2,83.5,-10.9,
Lewis, Kyle,2019,24,71,75,19,8,5,0,6,29,3,38.7,4.0,.268,13,90.3,10.4,
Locastro, Tim,2019,27,212,250,53,38,12,2,1,44,14,17.6,5.6,.250,17,84.4,13.6,
Mancini, Trey,2019,27,602,679,175,100,38,2,35,143,63,21.1,9.3,.291,97,90.3,7.8,
McKinney, Billy,2019,25,251,276,54,27,14,1,12,73,19,26.4,6.9,.215,28,86.7,15.2,
McMahon, Ryan,2019,25,480,539,120,73,22,1,24,160,56,29.7,10.4,.250,83,91.9,8.9,
Neuse, Sheldon,2019,25,56,61,14,11,3,0,0,19,4,31.1,6.6,.250,7,90.9,8.4,
O'Neill, Tyler,2019,24,141,151,37,26,6,0,5,53,10,35.1,6.6,.262,16,89.1,19.3,
Sisco, Chance,2019,24,167,198,35,20,7,0,8,61,22,30.8,11.1,.210,20,89.5,16.4,
Smith, Dominic,2019,24,177,197,50,29,10,0,11,44,19,22.3,9.6,.282,25,88.3,15.1,
Tellez, Rowdy,2019,24,370,409,84,44,19,0,21,116,29,28.4,7.1,.227,54,90.7,14,
Thaiss, Matt,2019,24,147,164,31,16,7,0,8,52,17,31.7,10.4,.211,23,89.1,15.9,
Valaika, Pat,2019,27,79,86,15,8,5,1,1,34,7,39.5,8.1,.190,4,88.8,20,
VanMeter, Josh,2019,24,228,260,54,32,13,1,8,56,29,21.5,11.2,.237,23,90,16.5,
Wade, Tyler,2019,25,94,108,23,17,3,1,2,28,11,25.9,10.2,.245,11,86.9,12.8,
Mejia, Francisco,2019,24,226,244,60,39,11,2,8,56,13,23.0,5.3,.265,22,88.4,19.7,
Rosario, Amed,2019,24,616,655,177,125,30,7,15,124,31,18.9,4.7,.287,72,89.4,8.9,
Adames, Willy,2019,24,531,584,135,89,25,1,20,153,46,26.2,7.9,.254,52,88.5,10.8,
Gutierrez, Kelvin,2019,25,73,79,19,15,2,1,1,24,5,30.4,6.3,.260,11,90.1,-1.8,
Estrada, Thairo,2019,23,64,69,16,10,3,0,3,15,3,21.7,4.3,.250,12,88.6,7.3,
Wynns, Austin,2019,29,70,74,15,13,1,0,1,14,3,18.9,4.1,.214,5,87,6.2,
Benintendi, Andrew,2019,25,541,615,144,86,40,5,13,140,59,22.8,9.6,.266,68,89.1,17.3,
Brault, Steven,2019,27,42,50,14,12,1,0,1,8,1,16.0,2.0,.333,2,85.1,5.9,
Cooper, Garrett,2019,29,381,421,107,75,16,1,15,110,33,26.1,7.8,.281,50,89.1,4.5,
Dubon, Mauricio,2019,25,106,111,29,20,5,0,4,20,5,18.0,4.5,.274,9,84.8,9.5,
Jansen, Danny,2019,24,347,384,72,46,12,1,13,79,31,20.6,8.1,.207,43,88.9,16.3,
Kemp, Tony,2019,28,245,279,52,31,9,4,8,47,23,16.8,8.2,.212,29,86.2,14.6,
Kiner-Falefa, Isiah,2019,24,202,222,48,34,12,1,1,49,14,22.1,6.3,.238,21,87.2,6.8,
Long Jr., Shed,2019,24,152,168,40,22,12,1,5,40,16,23.8,9.5,.263,15,87.6,10.6,
McBroom, Ryan,2019,27,75,83,22,17,5,0,0,25,7,30.1,8.4,.293,6,84.9,7.3,
McNeil, Jeff,2019,27,510,567,162,100,38,1,23,75,35,13.2,6.2,.318,75,89,13.8,
Tauchman, Mike,2019,29,260,296,72,40,18,1,13,71,34,24.0,11.5,.277,47,88.7,11.3,
White, Tyler,2019,29,240,279,50,33,14,0,3,78,36,28.0,12.9,.208,23,86,12.4,
Chang, Yu,2019,24,73,84,13,9,2,1,1,22,11,26.2,13.1,.178,6,87.9,9.9,
Alcantara, Sandy,2019,24,58,63,5,4,1,0,0,46,1,73.0,1.6,.086,4,84.1,-8.8,
Albies, Ozzie,2019,22,640,702,189,114,43,8,24,112,54,16.0,7.7,.295,86,88.9,15.6,
Robles, Victor,2019,22,546,617,139,86,33,3,17,140,35,22.7,5.7,.255,65,83.3,16.7,
Ford, Mike,2019,27,143,163,37,18,7,0,12,28,17,17.2,10.4,.259,25,91.9,15.6,
Devers, Rafael,2019,23,647,702,201,111,54,4,32,119,48,17.0,6.8,.311,115,92.5,10.6,
Naylor, Josh,2019,22,253,279,63,40,15,0,8,64,25,22.9,9.0,.249,32,89.6,4.5,
Soroka, Mike,2019,22,52,63,4,4,0,0,0,22,2,34.9,3.2,.077,3,79.1,-8,
Toro, Abraham,2019,23,78,89,17,10,3,2,2,19,9,21.3,10.1,.218,9,86.9,7.5,
Diaz, Aledmys,2019,29,210,247,57,35,12,1,9,28,26,11.3,10.5,.271,40,88.3,12.1,
Urias, Luis,2019,22,215,249,48,35,8,1,4,56,25,22.5,10.0,.223,24,87.3,10.1,
Arraez, Luis,2019,22,326,366,109,84,20,1,4,29,36,7.9,9.8,.334,28,87.1,11.5,
Jimenez, Eloy,2019,23,468,504,125,74,18,2,31,134,30,26.6,6.0,.267,79,91.2,9.3,
Torres, Gleyber,2019,23,546,604,152,88,26,0,38,129,48,21.4,7.9,.278,90,89.1,17.7,
Castro, Willi,2019,22,100,110,23,15,6,1,1,34,6,30.9,5.5,.230,8,84.7,18.1,
Diaz, Yandy,2019,28,307,347,82,47,20,1,14,61,35,17.6,10.1,.267,38,91.7,5.7,
Viloria, Meibrys,2019,22,133,148,28,20,7,0,1,44,10,29.7,6.8,.211,15,87.5,4.9,
Rengifo, Luis,2019,22,357,406,85,57,18,3,7,93,40,22.9,9.9,.238,33,87.1,9.3,
Allen, Greg,2019,26,231,256,53,37,9,3,4,53,11,20.7,4.3,.229,27,87.4,9.4,
Chapman, Matt,2019,26,583,670,145,70,36,3,36,147,73,21.9,10.9,.249,91,92.7,16.4,
Chavis, Michael,2019,24,347,382,88,59,10,1,18,127,31,33.2,8.1,.254,58,88.7,11.4,
Diaz, Isan,2019,23,179,201,31,19,5,2,5,59,19,29.4,9.5,.173,23,88.6,18.6,
Flaherty, Jack,2019,24,54,66,10,7,3,0,0,17,2,25.8,3.0,.185,4,86.5,6.7,
Haseley, Adam,2019,23,222,242,59,40,14,0,5,60,14,24.8,5.8,.266,26,87.3,5,
Hilliard, Sam,2019,25,77,87,21,8,4,2,7,23,9,26.4,10.3,.273,13,90.8,8.4,
Hoskins, Rhys,2019,26,570,705,129,62,33,5,29,173,116,24.5,16.5,.226,85,89.8,23.9,
Luplow, Jordan,2019,26,225,261,62,31,15,1,15,61,33,23.4,12.6,.276,38,89.6,16.1,
Mullins, Cedric,2019,25,64,74,6,4,0,2,0,14,4,18.9,5.4,.094,4,84.2,14.9,
O'Hearn, Ryan,2019,26,328,370,64,36,13,1,14,99,39,26.8,10.5,.195,38,90.5,13,
Schwarber, Kyle,2019,26,529,610,132,62,29,3,38,156,70,25.6,11.5,.250,92,93.5,15.5,
Tucker, Cole,2019,23,147,159,31,16,10,3,2,40,10,25.2,6.3,.211,13,87.8,7.4,
Verdugo, Alex,2019,23,343,377,101,65,22,2,12,49,26,13.0,6.9,.294,44,89.4,8.8,
DeJong, Paul,2019,26,583,664,136,74,31,1,30,149,62,22.4,9.3,.233,78,87.1,18.2,
Laureano, Ramon,2019,25,434,481,125,72,29,0,24,123,27,25.6,5.6,.288,67,89.7,14.6,
Fuentes, Josh,2019,26,55,56,12,8,1,0,3,20,1,35.7,1.8,.218,7,84.5,7.4,
Moncada, Yoan,2019,24,511,559,161,97,34,5,25,154,40,27.5,7.2,.315,79,93.1,12.3,
Ohtani, Shohei,2019,25,384,425,110,67,20,5,18,110,33,25.9,7.8,.286,62,92.8,6.8,
Acuna Jr., Ronald,2019,22,626,715,175,110,22,2,41,188,76,26.3,10.6,.280,101,90.6,14.2,
Hoerner, Nico,2019,22,78,82,22,17,1,1,3,11,3,13.4,3.7,.282,17,85.6,3.9,
Riley, Austin,2019,22,274,297,62,32,11,1,18,108,16,36.4,5.4,.226,49,89.4,20.6,
Tucker, Kyle,2019,22,67,72,18,8,6,0,4,20,4,27.8,5.6,.269,11,92,16.3,
Grisham, Trent,2019,23,156,183,36,22,6,2,6,48,20,26.2,10.9,.231,24,87.6,16,
Rodgers, Brendan,2019,23,76,81,17,15,2,0,0,27,4,33.3,4.9,.224,7,86.9,7.2,
Lowe, Nate,2019,24,152,169,40,25,8,0,7,50,13,29.6,7.7,.263,19,91.3,13,
Happ, Ian,2019,25,140,156,37,18,7,1,11,39,15,25.0,9.6,.264,30,89.8,16,
France, Ty,2019,25,184,201,43,27,8,1,7,49,9,24.4,4.5,.234,24,88.9,15.1,
Lowe, Brandon,2019,25,296,327,80,44,17,2,17,113,25,34.6,7.6,.270,51,91.6,19.2,
Bader, Harrison,2019,25,347,406,71,42,14,3,12,117,46,28.8,11.3,.205,39,88.4,15.3,
Fletcher, David,2019,25,596,653,173,133,30,4,6,64,55,9.8,8.4,.290,49,83.8,9.7,
Kingery, Scott,2019,25,458,500,118,61,34,4,19,147,34,29.4,6.8,.258,55,88.4,17.8,
Allen, Austin,2019,25,65,71,14,10,4,0,0,21,6,29.6,8.5,.215,3,84.2,9.5,
Lucchesi, Joey,2019,26,48,54,3,3,0,0,0,36,1,66.7,1.9,.063,1,82,-4.3,
Moore, Dylan,2019,27,247,282,51,26,14,2,9,93,25,33.0,8.9,.206,28,88.4,19.2,
Garlick, Kyle,2019,27,48,53,12,5,4,0,3,19,5,35.8,9.4,.250,6,91.6,25,
Straw, Myles,2019,25,108,128,29,23,4,2,0,24,19,18.8,14.8,.269,7,84.7,9,
Wade Jr, LaMonte,2019,25,56,69,11,6,2,1,2,9,11,13.0,15.9,.196,5,88.7,11.6,
Brown, Seth,2019,27,75,83,22,12,8,2,0,23,7,27.7,8.4,.293,13,89,17.5,
Dini, Nick,2019,26,56,64,11,6,3,0,2,18,4,28.1,6.3,.196,6,89.7,24.3,
Walsh, Jared,2019,26,79,87,16,9,5,1,1,35,6,40.2,6.9,.203,5,91.3,14.1,
Tatis Jr., Fernando,2019,20,334,372,106,65,13,6,22,110,30,29.6,8.1,.317,53,90.4,6.7,
Guerrero Jr., Vladimir,2019,20,464,514,126,83,26,2,15,91,46,17.7,8.9,.272,69,89.4,6.7,
Soto, Juan,2019,21,542,659,153,82,32,5,34,132,108,20.0,16.4,.282,110,92,12.5,
Lux, Gavin,2019,22,75,82,18,11,4,1,2,24,7,29.3,8.5,.240,9,88.8,13.2,
Bichette, Bo,2019,21,196,212,61,32,18,0,11,50,14,23.6,6.6,.311,21,90,10.4,
Gurriel Jr., Lourdes,2019,26,314,343,87,46,19,2,20,86,20,25.1,5.8,.277,50,90.4,14.4,
Rogers, Jake,2019,24,112,128,14,7,3,0,4,51,13,39.8,10.2,.125,8,83,19.7,
Knizner, Andrew,2019,24,53,58,12,8,2,0,2,14,4,24.1,6.9,.226,7,88.1,7.3,
Reynolds, Bryan,2019,24,491,546,154,97,37,4,16,121,46,22.2,8.4,.314,68,89.5,9.5,
Rojas, Josh,2019,25,138,157,30,21,7,0,2,41,18,26.1,11.5,.217,16,89,10.3,
Murphy, Sean,2019,25,53,60,13,4,5,0,4,16,6,26.7,10.0,.245,8,90.7,7.3,
Senzel, Nick,2019,24,375,414,96,60,20,4,12,101,30,24.4,7.2,.256,42,87.8,11.3,
Edman, Tommy,2019,24,326,349,99,64,17,7,11,61,16,17.5,4.6,.304,36,87.4,14.2,
Solak, Nick,2019,24,116,135,34,22,6,1,5,29,15,21.5,11.1,.293,17,88.3,6.3,
Smith, Will,2019,24,170,196,43,19,9,0,15,52,18,26.5,9.2,.253,42,89.4,23.8,
Hiura, Keston,2019,23,314,348,95,51,23,2,19,107,25,30.7,7.2,.303,49,91.4,16,
Hays, Austin,2019,24,68,75,21,11,6,0,4,13,7,17.3,9.3,.309,13,91,11.5,
Lopez, Nicky,2019,24,379,402,91,65,22,2,2,51,18,12.7,4.5,.240,30,85.1,3.2,
Alvarez, Yordan,2019,22,313,369,98,45,26,0,27,94,52,25.5,14.1,.313,78,92.2,13.3,
Brosseau, Mike,2019,25,132,142,36,23,7,0,6,39,7,27.5,4.9,.273,16,86.5,14.3,